Workbook

Sheet DesignValues
A1: AQS ID | B1: Local Site Name | C1: ANNUAL_DESIGN_VALUE | D1: DAILY_DESIGN_VALUE
A2: 06-001-0007 | B2: =VLOOKUP(A2, IDDataBase!A:B, 2, FALSE) -> Livermore | C2: 5.6 | D2: 19
A3: 06-001-0009 | B3: =VLOOKUP(A3, IDDataBase!A:B, 2, FALSE) -> Oakland | C3: 6.3 | D3: 16
A4: 06-001-0011 | B4: =VLOOKUP(A4, IDDataBase!A:B, 2, FALSE) -> Oakland West | C4: 6.5 | D4: 20
A5: 06-001-0012 | B5: =VLOOKUP(A5, IDDataBase!A:B, 2, FALSE) -> Laney College | C5: 8.3 | D5: 21
A6: 06-001-0013 | B6: =VLOOKUP(A6, IDDataBase!A:B, 2, FALSE) -> Berkeley- Aquatic Park | C6: 7.8 | D6: 19
A7: 06-001-0015 | B7: =VLOOKUP(A7, IDDataBase!A:B, 2, FALSE) -> Pleasanton - Owens Ct | C7: 6.3 | D7: 19
A8: 06-001-0016 | B8: =VLOOKUP(A8, IDDataBase!A:B, 2, FALSE) -> Livermore Portola | C8: 6.3 | D8: 17
A9: 06-007-0008 | B9: =VLOOKUP(A9, IDDataBase!A:B, 2, FALSE) -> Chico-East Avenue | C9: 7.3 | D9: 24
A10: 06-009-0001 | B10: =VLOOKUP(A10, IDDataBase!A:B, 2, FALSE) -> San Andreas-Gold Strike Road | C10: 5.4 | D10: 13
A11: 06-011-1002 | B11: =VLOOKUP(A11, IDDataBase!A:B, 2, FALSE) -> Colusa-Sunrise Blvd | C11: 6.5 | D11: 19
A12: 06-013-0002 | B12: =VLOOKUP(A12, IDDataBase!A:B, 2, FALSE) -> Concord | C12: 5.1 | D12: 17
A13: 06-013-1004 | B13: =VLOOKUP(A13, IDDataBase!A:B, 2, FALSE) -> San Pablo | C13: 9.8 | D13: 22
... A117: 06-111-3001 | B117: =VLOOKUP(A117, IDDataBase!A:B, 2, FALSE) -> El Rio-Rio Mesa School #2 | C117: 6.1 | D117: 13
B118: =VLOOKUP(A118, IDDataBase!A:B, 2, FALSE) -> #N/A | C118: 8.1 | D118: 23

Sheet AgencyName
A1: AQS ID | B1: Agency_Name
A2: 06-001-0005 | B2: Bay Area Air Quality Management District
A3: 06-001-0006 | B3: Bay Area Air Quality Management District
A4: 06-001-0007 | B4: Bay Area Air Quality Management District
A5: 06-001-0008 | B5: Bay Area Air Quality Management District
A6: 06-001-0009 | B6: Bay Area Air Quality Management District
A7: 06-001-0011 | B7: Bay Area Air Quality Management District
A8: 06-001-0012 | B8: Bay Area Air Quality Management District
A9: 06-001-0013 | B9: Bay Area Air Quality Management District
A10: 06-001-0015 | B10: Bay Area Air Quality Management District
A11: 06-001-0016 | B11: Bay Area Air Quality Management District
A12: 06-001-1001 | B12: Bay Area Air Quality Management District
... A499: 06-113-2001 | B499: Yolo-Solano APCD

Sheet IDDataBase
A1: AQS ID | B1: Local Site Name | C1: Extraction Date
A2: 06-001-0001 | B2: Berkeley | C2: 45986
A3: 06-001-0002 | B3: Fremont-Union St. | C3: 45986
A4: 06-001-0003 | B4: Livermore - Old 1st St. | C4: 45986
A5: 06-001-0004 | B5: Oakland-Jackson St. | C5: 45986
A6: 06-001-0005 | B6: Oakland - Alice | C6: 45986
A7: 06-001-0006 | B7: San Leandro | C7: 45986
A8: 06-001-0007 | B8: Livermore | C8: 45986
A9: 06-001-0008 | B9: Oakland - Filbert St. | C9: 45986
A10: 06-001-0009 | B10: Oakland | C10: 45986
A11: 06-001-0010 | B11: Oakland-International Blvd. | C11: 45986
A12: 06-001-0011 | B12: Oakland West | C12: 45986
A13: 06-001-0012 | B13: Laney College | C13: 45986
... A20: 06-001-2001 | B20: Hayward | C20: 45986
A21: 06-001-2002 | C21: 45986
A22: 06-001-2003 | B22: Piedmont | C22: 45986
A23: 06-001-2004 | B23: Berkeley | C23: 45986
A24: 06-001-2005 | B24: Patterson Pass | C24: 45986
A25: 06-001-3001 | C25: 45986
A26: 06-001-4001 | B26: Oakland-City HQ | C26: 45986
A27: 06-001-5001 | B27: San Leandro-Thornton Ave. | C27: 45986
A28: 06-001-5002 | B28: ROOF OF THE UC BERKELEY SPACE SCIENCE BUILDING | C28: 45986
A29: 06-001-6001 | B29: Chabot | C29: 45986
A30: 06-001-6002 | B30: Sunol | C30: 45986
A31: 06-001-6003 | B31: Pleasanton | C31: 45986
A32: 06-001-6004 | B32: Patterson Pass | C32: 45986
A33: 06-003-1001 | C33: 45986
A34: 06-005-0002 | B34: Jackson-Clinton Road | C34: 45986
A35: 06-005-0010 | B35: Jackson-Buena Vista Rd. | C35: 45986
A36: 06-005-0011 | B36: Jackson-5730 Buena Vista Rd. | C36: 45986
A37: 06-005-1033 | B37: Kirkwood | C37: 45986
A38: 06-007-0001 | B38: Chico-Oleander Ave. | C38: 45986
A39: 06-007-0002 | B39: Chico-Manzanita Ave. | C39: 45986
A40: 06-007-0003 | B40: Chico-Holt Hall, CSU Chico | C40: 45986
A41: 06-007-0004 | B41: GRIDLEY - 608 COWEE AVENUE | C41: 45986
A42: 06-007-0005 | B42: Chico-Salem St. | C42: 45986
A43: 06-007-0006 | B43: PARADISE ROVER STUDY | C43: 45986
A44: 06-007-0007 | B44: Paradise - Airport | C44: 45986
A45: 06-007-0008 | B45: Chico-East Avenue | C45: 45986
A46: 06-007-1001 | C46: 45986
A47: 06-007-2001 | B47: Paradise-Birch St. | C47: 45986
A48: 06-007-2002 | B48: Paradise - Theater | C48: 45986
A49: 06-007-2003 | B49: Paradise-Clark | C49: 45986
A50: 06-007-3001 | B50: Biggs | C50: 45986
A51: 06-007-4001 | B51: TRAFFIC, RURAL PAVED ROAD | C51: 45986
A52: 06-009-0001 | B52: San Andreas-Gold Strike Road | C52: 45986
A53: 06-011-0001 | C53: 45986
A54: 06-011-0002 | B54: Colusa Fairgrounds | C54: 45986
A55: 06-011-0007 | B55: Cortina Indian Rancheria | C55: 45986
A56: 06-011-1001 | C56: 45986
A57: 06-011-1002 | B57: Colusa-Sunrise Blvd | C57: 45986
A58: 06-013-0001 | B58: Concord - 991 Treat Blvd. | C58: 45986
A59: 06-013-0002 | B59: Concord | C59: 45986
A60: 06-013-0003 | B60: Richmond-13th St. | C60: 45986
A61: 06-013-0004 | B61: North Richmond | C61: 45986
A62: 06-013-0005 | B62: Pt. Richmond | C62: 45986
A63: 06-013-0006 | B63: Richmond - 7th St. | C63: 45986
A64: 06-013-0007 | B64: Rodeo | C64: 45986
A65: 06-013-0008 | C65: 45986
A66: 06-013-0010 | C66: 45986
A67: 06-013-1001 | B67: Crockett - Kendall Ave | C67: 45986
A68: 06-013-1002 | B68: Bethel Island | C68: 45986
A69: 06-013-1003 | B69: San Pablo - El Portal Center | C69: 45986
A70: 06-013-1004 | B70: San Pablo | C70: 45986
A71: 06-013-2001 | B71: Martinez - Jones St. | C71: 45986
A72: 06-013-2002 | B72: Richmond-Nevin Ave. | C72: 45986
A73: 06-013-2003 | B73: Antioch | C73: 45986
A74: 06-013-2004 | B74: Martinez - Pacheco Blvd. | C74: 45986
A75: 06-013-2005 | B75: Walnut Creek | C75: 45986
A76: 06-013-2006 | B76: Concord - Arnold Industrial Way | C76: 45986
A77: 06-013-2007 | B77: San Ramon | C77: 45986
A78: 06-013-3001 | B78: Pittsburg - W 10th St. | C78: 45986
... A93: 06-015-2003 | B93: Klamath Glen E-BAM | C93: 45986
A94: 06-017-0001 | C94: 45986
A95: 06-017-0002 | B95: Placerville Library | C95: 45986
A96: 06-017-0004 | C96: 45986
A97: 06-017-0005 | C97: 45986
A98: 06-017-0006 | C98: 45986
A99: 06-017-0007 | C99: 45986
A100: 06-017-0008 | C100: 45986
A101: 06-017-0009 | B101: South Lake Tahoe-Tahoe Blvd | C101: 45986
A102: 06-017-0010 | B102: Placerville-Gold Nugget Way | C102: 45986
A103: 06-017-0011 | B103: South Lake Tahoe-Sandy Way | C103: 45986
A104: 06-017-0012 | B104: Echo Summit | C104: 45986
A105: 06-017-0013 | B105: South Lake Tahoe-Airport | C105: 45986
A106: 06-017-0020 | B106: Cool | C106: 45986
A107: 06-017-1002 | C107: 45986
A108: 06-017-2002 | B108: Shingle Springs-Ponderosa HS | C108: 45986
A109: 06-017-2003 | C109: 45986
A110: 06-017-2004 | B110: PLACERVILLE- CANAL STREET | C110: 45986
A111: 06-017-9000 | B111: Bliss SP | C111: 45986
A112: 06-017-9001 | B112: Lake Tahoe Community College | C112: 45986
A113: 06-017-9002 | B113: Bliss SP (TRPA) | C113: 45986
A114: 06-019-0001 | C114: 45986
A115: 06-019-0002 | B115: Huron | C115: 45986
A116: 06-019-0003 | C116: 45986
A117: 06-019-0004 | C117: 45986
A118: 06-019-0005 | B118: Fresno-Olive St. | C118: 45986
A119: 06-019-0006 | B119: Fresno-Herndon | C119: 45986
A120: 06-019-0007 | B120: Fresno-Drummond | C120: 45986
...

Sheet AgencyPQAO
A1: Agency | B1: PQAO
A2: Bay Area Air Quality Management District | B2: BAAQMD
A3: California Air Resources Board | B3: CARB
A4: Great Basin Unified APCD | B4: CARB
A5: Imperial County APCD | B5: CARB
A6: Kern County APCD | B6: CARB
A7: Lake County AQMD | B7: CARB
A8: Mendocino County APCD | B8: CARB
A9: Mojave Desert AQMD | B9: CARB
A10: Monterey Bay Unified APCD | B10: CARB
A11: National Park Service | B11: NPS
A12: Northern Sierra AQMD | B12: CARB
... A24: Yolo-Solano APCD | B24: CARB
